Survey,Year,Quarter,Ship,AphiaID,Species,LngtClass,Age_0,Age_1,Age_2,Age_3,Age_4,Age_5,Age_6,Age_7,Age_8,Age_9,Age_10
BTS,2003,3,COR,127143,Pleuronectes platessa,60,3,,,,,,,,,,
BTS,2003,3,COR,127143,Pleuronectes platessa,70,8,,,,,,,,,,
BTS,2003,3,COR,127143,Pleuronectes platessa,80,14,,,,,,,,,,
BTS,2003,3,COR,127143,Pleuronectes platessa,90,6,,,,,,,,,,
BTS,2003,3,COR,127143,Pleuronectes platessa,100,8,,,,,,,,,,
BTS,2003,3,COR,127143,Pleuronectes platessa,110,6,1,,,,,,,,,
BTS,2003,3,COR,127143,Pleuronectes platessa,120,6,,,,,,,,,,
BTS,2003,3,COR,127143,Pleuronectes platessa,130,4,1,,,,,,,,,
BTS,2003,3,COR,127143,Pleuronectes platessa,140,2,2,,,,,,,,,
BTS,2003,3,COR,127143,Pleuronectes platessa,150,2,6,,,,,,,,,
BTS,2003,3,COR,127143,Pleuronectes platessa,160,,11,,,,,,,,,
BTS,2003,3,COR,127143,Pleuronectes platessa,170,,9,2,,,,,,,,
BTS,2003,3,COR,127143,Pleuronectes platessa,180,,11,2,,,,,,,,
BTS,2003,3,COR,127143,Pleuronectes platessa,190,,11,4,,,,,,,,
BTS,2003,3,COR,127143,Pleuronectes platessa,200,,14,4,,,,,,,,
BTS,2003,3,COR,127143,Pleuronectes platessa,210,,13,6,,,,,,,,
BTS,2003,3,COR,127143,Pleuronectes platessa,220,,14,13,,,,,,,,
BTS,2003,3,COR,127143,Pleuronectes platessa,230,,13,31,,,,,,,,
BTS,2003,3,COR,127143,Pleuronectes platessa,240,,14,24,,,,,,,,
BTS,2003,3,COR,127143,Pleuronectes platessa,250,,14,44,,1,,,,,,
BTS,2003,3,COR,127143,Pleuronectes platessa,260,,1,54,2,,,,,,,
BTS,2003,3,COR,127143,Pleuronectes platessa,270,,3,7,5,,,,,,,
BTS,2003,3,COR,127143,Pleuronectes platessa,280,,,54,8,,,,,,,
BTS,2003,3,COR,127143,Pleuronectes platessa,290,,1,52,7,1,,,,,,
BTS,2003,3,COR,127143,Pleuronectes platessa,300,,,49,15,2,1,2,,,,
BTS,2003,3,COR,127143,Pleuronectes platessa,310,,,37,11,7,1,1,2,,,
BTS,2003,3,COR,127143,Pleuronectes platessa,320,,,16,13,8,2,1,2,1,,
BTS,2003,3,COR,127143,Pleuronectes platessa,330,,,13,15,6,2,,1,1,,
BTS,2003,3,COR,127143,Pleuronectes platessa,340,,,11,5,5,5,,1,1,,
BTS,2003,3,COR,127143,Pleuronectes platessa,350,,,1,1,7,1,1,4,1,,
BTS,2003,3,COR,127143,Pleuronectes platessa,360,,,2,8,3,,,4,1,,
BTS,2003,3,COR,127143,Pleuronectes platessa,370,,,1,1,6,1,1,2,1,,
BTS,2003,3,COR,127143,Pleuronectes platessa,380,,,,5,4,1,,1,1,,
BTS,2003,3,COR,127143,Pleuronectes platessa,390,,,,3,2,1,2,3,,,
BTS,2003,3,COR,127143,Pleuronectes platessa,400,,,,1,3,4,4,2,,,
BTS,2003,3,COR,127143,Pleuronectes platessa,410,,,,,2,4,2,2,,,
BTS,2003,3,COR,127143,Pleuronectes platessa,420,,,,,2,6,2,2,,,
BTS,2003,3,COR,127143,Pleuronectes platessa,430,,,,,,2,2,5,,,
BTS,2003,3,COR,127143,Pleuronectes platessa,440,,,,,,,,1,2,,
BTS,2003,3,COR,127143,Pleuronectes platessa,450,,,,,,,,3,1,,
BTS,2003,3,COR,127143,Pleuronectes platessa,460,,,,,1,,,3,,,
BTS,2003,3,COR,127143,Pleuronectes platessa,470,,,,,,,,1,1,1,
BTS,2003,3,COR,127143,Pleuronectes platessa,480,,,,,1,2,,,,,
BTS,2003,3,COR,127143,Pleuronectes platessa,490,,,,,,,,3,,,
BTS,2003,3,COR,127143,Pleuronectes platessa,500,,,,,,,,,,,
BTS,2003,3,COR,127143,Pleuronectes platessa,510,,,,,,,,,1,1,
BTS,2003,3,COR,127143,Pleuronectes platessa,520,,,,,,,,,,1,1
BTS,2003,3,COR,127143,Pleuronectes platessa,530,,,,,,,,,,,
BTS,2003,3,COR,127143,Pleuronectes platessa,540,,,,,,,,,,1,
BTS,2003,3,COR,127143,Pleuronectes platessa,550,,,,,,,,,,,
BTS,2003,3,COR,127143,Pleuronectes platessa,580,,,,,,,,,,,
BTS,2003,3,COR,127160,Solea solea,50,4,,,,,,,,,,
BTS,2003,3,COR,127160,Solea solea,60,8,,,,,,,,,,
BTS,2003,3,COR,127160,Solea solea,70,1,,,,,,,,,,
BTS,2003,3,COR,127160,Solea solea,80,8,,,,,,,,,,
BTS,2003,3,COR,127160,Solea solea,90,4,2,,,,,,,,,
BTS,2003,3,COR,127160,Solea solea,110,,4,,,,,,,,,
BTS,2003,3,COR,127160,Solea solea,120,,14,,,,,,,,,
BTS,2003,3,COR,127160,Solea solea,130,,22,,,,,,,,,
BTS,2003,3,COR,127160,Solea solea,140,,46,,,,,,,,,
BTS,2003,3,COR,127160,Solea solea,150,,52,,,,,,,,,
BTS,2003,3,COR,127160,Solea solea,160,,86,,,,,,,,,
BTS,2003,3,COR,127160,Solea solea,170,,7,12,,,,,,,,
BTS,2003,3,COR,127160,Solea solea,180,,74,2,,,,,,,,
BTS,2003,3,COR,127160,Solea solea,190,,42,64,,,,,,,,
BTS,2003,3,COR,127160,Solea solea,200,,24,78,,2,2,,,,,
BTS,2003,3,COR,127160,Solea solea,210,,14,9,8,6,2,,,,,
BTS,2003,3,COR,127160,Solea solea,220,,8,134,6,8,4,,,,,
BTS,2003,3,COR,127160,Solea solea,230,,,144,8,8,4,,2,,,
BTS,2003,3,COR,127160,Solea solea,240,,,154,24,12,6,,,,,
BTS,2003,3,COR,127160,Solea solea,250,,,14,36,12,6,,4,,2,
BTS,2003,3,COR,127160,Solea solea,260,,,96,2,16,8,,8,2,,2
BTS,2003,3,COR,127160,Solea solea,270,,,72,24,2,22,,2,2,2,
BTS,2003,3,COR,127160,Solea solea,280,,,32,36,2,2,,12,2,,
BTS,2003,3,COR,127160,Solea solea,290,,,6,3,2,18,,2,,,
BTS,2003,3,COR,127160,Solea solea,300,,,4,16,24,1,4,4,2,,
BTS,2003,3,COR,127160,Solea solea,310,,,2,12,26,4,2,,2,,
BTS,2003,3,COR,127160,Solea solea,320,,,,6,16,1,2,6,,,
BTS,2003,3,COR,127160,Solea solea,330,,,,4,12,8,,4,4,,2
BTS,2003,3,COR,127160,Solea solea,340,,,,4,6,6,2,6,,,2
BTS,2003,3,COR,127160,Solea solea,350,,,2,,,2,,2,2,,
BTS,2003,3,COR,127160,Solea solea,360,,,,,2,1,2,,,2,2
BTS,2003,3,COR,127160,Solea solea,370,,,,,,2,4,,,,
BTS,2003,3,COR,127160,Solea solea,380,,,,,,2,2,4,2,,
BTS,2003,3,COR,127160,Solea solea,390,,,,,,,,2,2,,2
BTS,2003,3,COR,127160,Solea solea,400,,,,,,2,,,,,
BTS,2003,3,COR,127160,Solea solea,410,,,2,,,,,,,2,
BTS,2003,3,COR,127160,Solea solea,420,,,,,,,2,2,,,2
BTS,2003,3,COR,127160,Solea solea,430,,,,,,,,,,,
BTS,2003,3,COR,127160,Solea solea,440,,,,,,,,,,,
BTS,2003,3,COR,127160,Solea solea,450,,,,,,,,,,,
BTS,2003,3,ISI,127143,Pleuronectes platessa,82,2,,,,,,,,,,
BTS,2003,3,ISI,127143,Pleuronectes platessa,83,1,,,,,,,,,,
BTS,2003,3,ISI,127143,Pleuronectes platessa,84,2,,,,,,,,,,
BTS,2003,3,ISI,127143,Pleuronectes platessa,85,,1,,,,,,,,,
BTS,2003,3,ISI,127143,Pleuronectes platessa,86,2,,,,,,,,,,
BTS,2003,3,ISI,127143,Pleuronectes platessa,89,2,,,,,,,,,,
BTS,2003,3,ISI,127143,Pleuronectes platessa,91,1,,,,,,,,,,
BTS,2003,3,ISI,127143,Pleuronectes platessa,92,1,,,,,,,,,,
BTS,2003,3,ISI,127143,Pleuronectes platessa,93,1,,,,,,,,,,
BTS,2003,3,ISI,127143,Pleuronectes platessa,94,2,,,,,,,,,,
BTS,2003,3,ISI,127143,Pleuronectes platessa,95,3,,,,,,,,,,
BTS,2003,3,ISI,127143,Pleuronectes platessa,96,2,,,,,,,,,,
BTS,2003,3,ISI,127143,Pleuronectes platessa,98,2,,,,,,,,,,
BTS,2003,3,ISI,127143,Pleuronectes platessa,101,2,,,,,,,,,,
BTS,2003,3,ISI,127143,Pleuronectes platessa,102,2,,,,,,,,,,
BTS,2003,3,ISI,127143,Pleuronectes platessa,103,1,,,,,,,,,,
BTS,2003,3,ISI,127143,Pleuronectes platessa,104,1,,,,,,,,,,
BTS,2003,3,ISI,127143,Pleuronectes platessa,105,2,,,,,,,,,,
BTS,2003,3,ISI,127143,Pleuronectes platessa,106,1,,,,,,,,,,
BTS,2003,3,ISI,127143,Pleuronectes platessa,107,1,,,,,,,,,,
BTS,2003,3,ISI,127143,Pleuronectes platessa,110,1,,,,,,,,,,
BTS,2003,3,ISI,127143,Pleuronectes platessa,111,2,,,,,,,,,,
BTS,2003,3,ISI,127143,Pleuronectes platessa,112,2,,,,,,,,,,
BTS,2003,3,ISI,127143,Pleuronectes platessa,113,1,,,,,,,,,,
BTS,2003,3,ISI,127143,Pleuronectes platessa,114,1,1,,,,,,,,,
BTS,2003,3,ISI,127143,Pleuronectes platessa,116,3,,,,,,,,,,
BTS,2003,3,ISI,127143,Pleuronectes platessa,121,2,,,,,,,,,,
BTS,2003,3,ISI,127143,Pleuronectes platessa,122,2,,,,,,,,,,
BTS,2003,3,ISI,127143,Pleuronectes platessa,123,2,,,,,,,,,,
BTS,2003,3,ISI,127143,Pleuronectes platessa,124,2,,,,,,,,,,
BTS,2003,3,ISI,127143,Pleuronectes platessa,125,2,,,,,,,,,,
BTS,2003,3,ISI,127143,Pleuronectes platessa,126,2,,,,,,,,,,
BTS,2003,3,ISI,127143,Pleuronectes platessa,127,2,,,,,,,,,,
BTS,2003,3,ISI,127143,Pleuronectes platessa,129,1,,,,,,,,,,
BTS,2003,3,ISI,127143,Pleuronectes platessa,131,4,,,,,,,,,,
BTS,2003,3,ISI,127143,Pleuronectes platessa,133,1,,,,,,,,,,
BTS,2003,3,ISI,127143,Pleuronectes platessa,134,1,2,,,,,,,,,
BTS,2003,3,ISI,127143,Pleuronectes platessa,135,2,,,,,,,,,,
BTS,2003,3,ISI,127143,Pleuronectes platessa,137,2,,,,,,,,,,
BTS,2003,3,ISI,127143,Pleuronectes platessa,139,1,,,,,,,,,,
BTS,2003,3,ISI,127143,Pleuronectes platessa,141,4,,,,,,,,,,
BTS,2003,3,ISI,127143,Pleuronectes platessa,143,1,,,,,,,,,,
BTS,2003,3,ISI,127143,Pleuronectes platessa,145,1,,,,,,,,,,
BTS,2003,3,ISI,127143,Pleuronectes platessa,148,2,,,,,,,,,,
BTS,2003,3,ISI,127143,Pleuronectes platessa,151,2,,,,,,,,,,
BTS,2003,3,ISI,127143,Pleuronectes platessa,153,,1,,,,,,,,,
BTS,2003,3,ISI,127143,Pleuronectes platessa,154,,1,,,,,,,,,
BTS,2003,3,ISI,127143,Pleuronectes platessa,155,,,1,,,,,,,,
BTS,2003,3,ISI,127143,Pleuronectes platessa,156,1,1,,,,,,,,,
BTS,2003,3,ISI,127143,Pleuronectes platessa,157,1,,,,,,,,,,
BTS,2003,3,ISI,127143,Pleuronectes platessa,160,,1,,,,,,,,,
BTS,2003,3,ISI,127143,Pleuronectes platessa,162,,4,,,,,,,,,
BTS,2003,3,ISI,127143,Pleuronectes platessa,164,,1,,,,,,,,,
BTS,2003,3,ISI,127143,Pleuronectes platessa,166,,3,,,,,,,,,
BTS,2003,3,ISI,127143,Pleuronectes platessa,167,,4,,,,,,,,,
BTS,2003,3,ISI,127143,Pleuronectes platessa,168,,2,,,,,,,,,
BTS,2003,3,ISI,127143,Pleuronectes platessa,169,,,1,,,,,,,,
BTS,2003,3,ISI,127143,Pleuronectes platessa,171,,4,,,,,,,,,
BTS,2003,3,ISI,127143,Pleuronectes platessa,172,,3,,,,,,,,,
BTS,2003,3,ISI,127143,Pleuronectes platessa,173,,1,,,,,,,,,
BTS,2003,3,ISI,127143,Pleuronectes platessa,174,,2,,,,,,,,,
BTS,2003,3,ISI,127143,Pleuronectes platessa,175,,2,,,,,,,,,
BTS,2003,3,ISI,127143,Pleuronectes platessa,176,,2,1,,,,,,,,
BTS,2003,3,ISI,127143,Pleuronectes platessa,177,,4,,,,,,,,,
BTS,2003,3,ISI,127143,Pleuronectes platessa,178,,2,,,,,,,,,
BTS,2003,3,ISI,127143,Pleuronectes platessa,179,,2,1,,,,,,,,
BTS,2003,3,ISI,127143,Pleuronectes platessa,181,1,3,,,,,,,,,
BTS,2003,3,ISI,127143,Pleuronectes platessa,182,,4,,,,,,,,,
BTS,2003,3,ISI,127143,Pleuronectes platessa,183,,3,1,,,,,,,,
BTS,2003,3,ISI,127143,Pleuronectes platessa,184,,3,,,,,,,,,
BTS,2003,3,ISI,127143,Pleuronectes platessa,185,,,1,,,,,,,,
BTS,2003,3,ISI,127143,Pleuronectes platessa,186,,6,,,,,,,,,
BTS,2003,3,ISI,127143,Pleuronectes platessa,187,,1,1,,,,,,,,
BTS,2003,3,ISI,127143,Pleuronectes platessa,188,,2,,,,,,,,,
BTS,2003,3,ISI,127143,Pleuronectes platessa,189,,3,,,,,,,,,
BTS,2003,3,ISI,127143,Pleuronectes platessa,190,,1,,,,,,,,,
BTS,2003,3,ISI,127143,Pleuronectes platessa,191,,4,2,,,,,,,,
BTS,2003,3,ISI,127143,Pleuronectes platessa,192,,3,,,,,,,,,
BTS,2003,3,ISI,127143,Pleuronectes platessa,193,,3,,,,,,,,,
BTS,2003,3,ISI,127143,Pleuronectes platessa,194,,,1,,,,,,,,
BTS,2003,3,ISI,127143,Pleuronectes platessa,195,,3,2,,,,,,,,
BTS,2003,3,ISI,127143,Pleuronectes platessa,196,,4,,,,,,,,,
BTS,2003,3,ISI,127143,Pleuronectes platessa,197,,2,2,,,,,,,,
BTS,2003,3,ISI,127143,Pleuronectes platessa,198,,,1,,,,,,,,
BTS,2003,3,ISI,127143,Pleuronectes platessa,199,,4,1,,,,,,,,
BTS,2003,3,ISI,127143,Pleuronectes platessa,200,,1,,,,,,,,,
BTS,2003,3,ISI,127143,Pleuronectes platessa,201,,1,2,,,,,,,,
BTS,2003,3,ISI,127143,Pleuronectes platessa,202,,2,4,,,,,,,,
BTS,2003,3,ISI,127143,Pleuronectes platessa,203,,3,3,,,,,,,,
BTS,2003,3,ISI,127143,Pleuronectes platessa,204,,2,1,,,,,,,,
BTS,2003,3,ISI,127143,Pleuronectes platessa,205,,,1,,,,,,,,
BTS,2003,3,ISI,127143,Pleuronectes platessa,206,,2,1,,,,,,,,
BTS,2003,3,ISI,127143,Pleuronectes platessa,207,,3,2,,,,,,,,
BTS,2003,3,ISI,127143,Pleuronectes platessa,208,,1,4,,,,,,,,
BTS,2003,3,ISI,127143,Pleuronectes platessa,209,,5,5,,,,,,,,
BTS,2003,3,ISI,127143,Pleuronectes platessa,210,,1,,,,,,,,,
BTS,2003,3,ISI,127143,Pleuronectes platessa,211,,3,2,,,,,,,,
BTS,2003,3,ISI,127143,Pleuronectes platessa,212,,2,6,,,,,,,,
BTS,2003,3,ISI,127143,Pleuronectes platessa,213,,2,8,,,,,,,,
BTS,2003,3,ISI,127143,Pleuronectes platessa,214,,2,1,,,,,,,,
BTS,2003,3,ISI,127143,Pleuronectes platessa,215,,,3,,,,,,,,
BTS,2003,3,ISI,127143,Pleuronectes platessa,216,,1,7,,,,,,,,
BTS,2003,3,ISI,127143,Pleuronectes platessa,217,,2,1,,,,,,,,
BTS,2003,3,ISI,127143,Pleuronectes platessa,218,,1,2,,,,,,,,
BTS,2003,3,ISI,127143,Pleuronectes platessa,219,,3,3,,,,,,,,
BTS,2003,3,ISI,127143,Pleuronectes platessa,220,,2,1,,,,,,,,
BTS,2003,3,ISI,127143,Pleuronectes platessa,221,,,4,,,,,,,,
BTS,2003,3,ISI,127143,Pleuronectes platessa,222,,,5,,,,,,,,
BTS,2003,3,ISI,127143,Pleuronectes platessa,223,,3,2,,,,,,,,
BTS,2003,3,ISI,127143,Pleuronectes platessa,224,,,8,,,,,,,,
BTS,2003,3,ISI,127143,Pleuronectes platessa,225,,1,5,,,,,,,,
BTS,2003,3,ISI,127143,Pleuronectes platessa,226,,2,8,,,,,,,,
BTS,2003,3,ISI,127143,Pleuronectes platessa,227,,1,1,,,,,,,,
BTS,2003,3,ISI,127143,Pleuronectes platessa,228,,1,1,,,,,,,,
BTS,2003,3,ISI,127143,Pleuronectes platessa,229,,,5,,,,,,,,
BTS,2003,3,ISI,127143,Pleuronectes platessa,230,,,3,,,,,,,,
BTS,2003,3,ISI,127143,Pleuronectes platessa,231,,2,4,,,,,,,,
BTS,2003,3,ISI,127143,Pleuronectes platessa,232,,2,8,,,,,,,,
BTS,2003,3,ISI,127143,Pleuronectes platessa,233,,,1,,,,,,,,
BTS,2003,3,ISI,127143,Pleuronectes platessa,234,,1,5,,,,,,,,
BTS,2003,3,ISI,127143,Pleuronectes platessa,235,,3,2,1,,,,,,,
BTS,2003,3,ISI,127143,Pleuronectes platessa,236,,1,5,,,,,,,,
BTS,2003,3,ISI,127143,Pleuronectes platessa,237,,1,4,,,,,,,,
BTS,2003,3,ISI,127143,Pleuronectes platessa,238,,1,5,,,,,,,,
BTS,2003,3,ISI,127143,Pleuronectes platessa,239,,,5,,,,,,,,
BTS,2003,3,ISI,127143,Pleuronectes platessa,241,,1,6,,,,,,,,
BTS,2003,3,ISI,127143,Pleuronectes platessa,242,,,6,,,,,,,,
BTS,2003,3,ISI,127143,Pleuronectes platessa,243,,3,4,,,,,,,,
BTS,2003,3,ISI,127143,Pleuronectes platessa,244,,2,3,,,,,,,,
BTS,2003,3,ISI,127143,Pleuronectes platessa,245,,1,2,,1,,,,,,
BTS,2003,3,ISI,127143,Pleuronectes platessa,246,,,14,,,,,,,,
BTS,2003,3,ISI,127143,Pleuronectes platessa,247,,,3,,,,,,,,
BTS,2003,3,ISI,127143,Pleuronectes platessa,248,,1,5,1,,,,,,,
BTS,2003,3,ISI,127143,Pleuronectes platessa,249,,,7,1,,,,,,,
BTS,2003,3,ISI,127143,Pleuronectes platessa,250,,,3,,,,,,,,
BTS,2003,3,ISI,127143,Pleuronectes platessa,251,,1,6,,,,,,,,
BTS,2003,3,ISI,127143,Pleuronectes platessa,252,,1,5,,,,,,,,
BTS,2003,3,ISI,127143,Pleuronectes platessa,253,,2,3,2,,,,,,,
BTS,2003,3,ISI,127143,Pleuronectes platessa,254,,,4,,,,,,,,
BTS,2003,3,ISI,127143,Pleuronectes platessa,255,,1,4,1,,,,,,,
BTS,2003,3,ISI,127143,Pleuronectes platessa,256,,1,1,3,,,,,,,
BTS,2003,3,ISI,127143,Pleuronectes platessa,257,,,5,,,,,,,,
BTS,2003,3,ISI,127143,Pleuronectes platessa,258,,,5,,,,,,,,
BTS,2003,3,ISI,127143,Pleuronectes platessa,259,,1,5,2,,,,,,,
BTS,2003,3,ISI,127143,Pleuronectes platessa,260,,,3,,,,,,,,
BTS,2003,3,ISI,127143,Pleuronectes platessa,261,,1,4,2,,,,,,,
BTS,2003,3,ISI,127143,Pleuronectes platessa,262,,,6,,,,,,,,
BTS,2003,3,ISI,127143,Pleuronectes platessa,263,,,7,1,,,,,,,
BTS,2003,3,ISI,127143,Pleuronectes platessa,264,,1,3,,,,,,,,
BTS,2003,3,ISI,127143,Pleuronectes platessa,265,,,6,,,,,,,,
BTS,2003,3,ISI,127143,Pleuronectes platessa,266,,1,3,,,,,,,,
BTS,2003,3,ISI,127143,Pleuronectes platessa,267,,,4,,1,,,,,,
BTS,2003,3,ISI,127143,Pleuronectes platessa,268,,1,4,1,1,,,,,,
BTS,2003,3,ISI,127143,Pleuronectes platessa,269,,,4,2,1,,,,,,
BTS,2003,3,ISI,127143,Pleuronectes platessa,270,,,2,1,,,,,,,
BTS,2003,3,ISI,127143,Pleuronectes platessa,271,,,6,4,2,,,,,,
BTS,2003,3,ISI,127143,Pleuronectes platessa,272,,,7,1,,,,,,,
BTS,2003,3,ISI,127143,Pleuronectes platessa,273,,3,5,1,,,,,,,
BTS,2003,3,ISI,127143,Pleuronectes platessa,274,,1,4,,,,,,,,
BTS,2003,3,ISI,127143,Pleuronectes platessa,275,,,1,2,1,,,,,,
BTS,2003,3,ISI,127143,Pleuronectes platessa,276,,1,2,2,1,,,,,,
BTS,2003,3,ISI,127143,Pleuronectes platessa,277,,3,1,,,,,,,,
BTS,2003,3,ISI,127143,Pleuronectes platessa,278,,,4,1,,,1,,,,
BTS,2003,3,ISI,127143,Pleuronectes platessa,279,,,2,,,,,,,,
BTS,2003,3,ISI,127143,Pleuronectes platessa,280,,,2,,,,,,,,
BTS,2003,3,ISI,127143,Pleuronectes platessa,281,,,6,1,,,,,,,
BTS,2003,3,ISI,127143,Pleuronectes platessa,282,,,4,1,2,,1,,,,
BTS,2003,3,ISI,127143,Pleuronectes platessa,283,,,6,2,,,,,,,
BTS,2003,3,ISI,127143,Pleuronectes platessa,284,,1,2,,,,,,,,
BTS,2003,3,ISI,127143,Pleuronectes platessa,285,,,,2,2,,,,1,,
BTS,2003,3,ISI,127143,Pleuronectes platessa,286,,,4,1,2,,,,,,
BTS,2003,3,ISI,127143,Pleuronectes platessa,287,,1,,,,,,,,,
BTS,2003,3,ISI,127143,Pleuronectes platessa,288,,,4,4,,,,,,,
BTS,2003,3,ISI,127143,Pleuronectes platessa,289,,,4,1,1,,,,,,
BTS,2003,3,ISI,127143,Pleuronectes platessa,290,,,1,,2,,,,,,
BTS,2003,3,ISI,127143,Pleuronectes platessa,291,,,1,3,1,,1,,,,
BTS,2003,3,ISI,127143,Pleuronectes platessa,292,,,2,4,1,1,,,,,
BTS,2003,3,ISI,127143,Pleuronectes platessa,293,,,1,2,,,,,,,
BTS,2003,3,ISI,127143,Pleuronectes platessa,294,,1,1,1,,,,,,,
BTS,2003,3,ISI,127143,Pleuronectes platessa,295,,,,1,2,,1,,,,
BTS,2003,3,ISI,127143,Pleuronectes platessa,296,,,2,2,,1,,,,,
BTS,2003,3,ISI,127143,Pleuronectes platessa,297,,,5,,,,,,,,
BTS,2003,3,ISI,127143,Pleuronectes platessa,298,,,1,1,,1,,,,,
BTS,2003,3,ISI,127143,Pleuronectes platessa,299,,,1,2,,1,,,,,
BTS,2003,3,ISI,127143,Pleuronectes platessa,300,,,1,1,2,,,,,,
BTS,2003,3,ISI,127143,Pleuronectes platessa,301,,,,2,,,,,,,
BTS,2003,3,ISI,127143,Pleuronectes platessa,302,,,1,3,1,,,,,,
BTS,2003,3,ISI,127143,Pleuronectes platessa,303,,,1,,,,,,,,
BTS,2003,3,ISI,127143,Pleuronectes platessa,304,,,2,,,,,,,,
BTS,2003,3,ISI,127143,Pleuronectes platessa,305,,,2,1,,1,,,,1,
BTS,2003,3,ISI,127143,Pleuronectes platessa,306,,,1,6,2,,,,,,
BTS,2003,3,ISI,127143,Pleuronectes platessa,307,,,1,,1,,,,,,
BTS,2003,3,ISI,127143,Pleuronectes platessa,308,,,,1,1,,,,,,
BTS,2003,3,ISI,127143,Pleuronectes platessa,309,,,2,1,3,,,,,,
BTS,2003,3,ISI,127143,Pleuronectes platessa,310,,,,,1,,,,,,
BTS,2003,3,ISI,127143,Pleuronectes platessa,311,,,,1,,1,,,,,
BTS,2003,3,ISI,127143,Pleuronectes platessa,312,,,,7,1,,,1,,,
BTS,2003,3,ISI,127143,Pleuronectes platessa,313,,,1,1,,,,,,,
BTS,2003,3,ISI,127143,Pleuronectes platessa,314,,,1,1,1,,,,,,
BTS,2003,3,ISI,127143,Pleuronectes platessa,315,,,,3,,,1,,,,
BTS,2003,3,ISI,127143,Pleuronectes platessa,316,,,3,5,1,,1,,,,
BTS,2003,3,ISI,127143,Pleuronectes platessa,317,,,2,1,,,,,,,
BTS,2003,3,ISI,127143,Pleuronectes platessa,318,,,1,,1,,,,,,
BTS,2003,3,ISI,127143,Pleuronectes platessa,319,,,,2,2,,,,,,
BTS,2003,3,ISI,127143,Pleuronectes platessa,320,,,,3,,,1,,,,
BTS,2003,3,ISI,127143,Pleuronectes platessa,321,,,1,1,,1,,,,,
BTS,2003,3,ISI,127143,Pleuronectes platessa,322,,,,,1,,,,,,
BTS,2003,3,ISI,127143,Pleuronectes platessa,323,,,1,1,1,2,,,,,
BTS,2003,3,ISI,127143,Pleuronectes platessa,324,,,,,,,1,1,,,
BTS,2003,3,ISI,127143,Pleuronectes platessa,325,,,,1,,,,,,,
BTS,2003,3,ISI,127143,Pleuronectes platessa,326,,,1,,2,1,,,,,
BTS,2003,3,ISI,127143,Pleuronectes platessa,329,,,,2,,,,,,,
BTS,2003,3,ISI,127143,Pleuronectes platessa,330,,,1,1,,,,,,,
BTS,2003,3,ISI,127143,Pleuronectes platessa,331,,,,3,1,,1,,,,
BTS,2003,3,ISI,127143,Pleuronectes platessa,332,,,1,1,4,1,,,,,
BTS,2003,3,ISI,127143,Pleuronectes platessa,333,,,,,2,,,1,,,
BTS,2003,3,ISI,127143,Pleuronectes platessa,334,,,,1,1,,1,,,,
BTS,2003,3,ISI,127143,Pleuronectes platessa,335,,,,1,1,1,,,,,
BTS,2003,3,ISI,127143,Pleuronectes platessa,336,,,,1,1,,,,,,
BTS,2003,3,ISI,127143,Pleuronectes platessa,338,,,,3,2,,,,,,
BTS,2003,3,ISI,127143,Pleuronectes platessa,339,,,,,2,1,,,,,
BTS,2003,3,ISI,127143,Pleuronectes platessa,341,,,,1,2,,,,,,
BTS,2003,3,ISI,127143,Pleuronectes platessa,342,,,,3,3,,1,,,,
BTS,2003,3,ISI,127143,Pleuronectes platessa,343,,,1,,,,,,,,
BTS,2003,3,ISI,127143,Pleuronectes platessa,344,,,,1,1,,,,,,
BTS,2003,3,ISI,127143,Pleuronectes platessa,345,,,,,,1,,,,,
BTS,2003,3,ISI,127143,Pleuronectes platessa,346,,,,2,,,,,,,
BTS,2003,3,ISI,127143,Pleuronectes platessa,347,,,,,,1,,,,,
BTS,2003,3,ISI,127143,Pleuronectes platessa,348,,,1,,,,,,,,
BTS,2003,3,ISI,127143,Pleuronectes platessa,349,,,,,2,,,,,,
BTS,2003,3,ISI,127143,Pleuronectes platessa,350,,,,2,,,,,,,
BTS,2003,3,ISI,127143,Pleuronectes platessa,351,,,,,1,1,,2,,,
BTS,2003,3,ISI,127143,Pleuronectes platessa,352,,,,,,,1,1,,,
BTS,2003,3,ISI,127143,Pleuronectes platessa,353,,,,1,3,,,,,,
BTS,2003,3,ISI,127143,Pleuronectes platessa,354,,,,1,1,,,,,,
BTS,2003,3,ISI,127143,Pleuronectes platessa,356,,,,1,1,,,,,,
BTS,2003,3,ISI,127143,Pleuronectes platessa,359,,,,1,1,,,,,,
BTS,2003,3,ISI,127143,Pleuronectes platessa,361,,,,,1,,1,,,,
BTS,2003,3,ISI,127143,Pleuronectes platessa,362,,,,,,,1,,,,
BTS,2003,3,ISI,127143,Pleuronectes platessa,363,,,,,2,,,,,,
BTS,2003,3,ISI,127143,Pleuronectes platessa,364,,,,,,1,,,,,
BTS,2003,3,ISI,127143,Pleuronectes platessa,365,,,,,2,,,,,,
BTS,2003,3,ISI,127143,Pleuronectes platessa,367,,,,,3,1,,,,,
BTS,2003,3,ISI,127143,Pleuronectes platessa,370,,,,,1,,,,,,
BTS,2003,3,ISI,127143,Pleuronectes platessa,371,,,,,1,,,,,,
BTS,2003,3,ISI,127143,Pleuronectes platessa,372,,,,,2,,1,1,,,
BTS,2003,3,ISI,127143,Pleuronectes platessa,373,,,,,1,,1,,,,
BTS,2003,3,ISI,127143,Pleuronectes platessa,375,,,,,,,1,,,,
BTS,2003,3,ISI,127143,Pleuronectes platessa,376,,,,,,1,1,1,,,
BTS,2003,3,ISI,127143,Pleuronectes platessa,377,,,,,2,,,,,,
BTS,2003,3,ISI,127143,Pleuronectes platessa,378,,,,,,1,,,,,
BTS,2003,3,ISI,127143,Pleuronectes platessa,379,,,,,1,1,,,,,
BTS,2003,3,ISI,127143,Pleuronectes platessa,381,,,,,1,,,,,,
BTS,2003,3,ISI,127143,Pleuronectes platessa,382,,,,,1,,,,,,
BTS,2003,3,ISI,127143,Pleuronectes platessa,383,,,,,1,,,,,,
BTS,2003,3,ISI,127143,Pleuronectes platessa,384,,,,,,1,2,,1,,
BTS,2003,3,ISI,127143,Pleuronectes platessa,385,,,,,,,1,1,,,
BTS,2003,3,ISI,127143,Pleuronectes platessa,386,,,,,1,1,,1,,,
BTS,2003,3,ISI,127143,Pleuronectes platessa,391,,,,,,,1,,,,
BTS,2003,3,ISI,127143,Pleuronectes platessa,392,,,,,,,,1,,,
BTS,2003,3,ISI,127143,Pleuronectes platessa,398,,,,,,,2,,,,
BTS,2003,3,ISI,127143,Pleuronectes platessa,399,,,,,,,1,,,,
BTS,2003,3,ISI,127143,Pleuronectes platessa,401,,,,,,,,2,,,
BTS,2003,3,ISI,127143,Pleuronectes platessa,410,,,,,,,,1,,,
BTS,2003,3,ISI,127143,Pleuronectes platessa,412,,,,,,1,,,,,
BTS,2003,3,ISI,127143,Pleuronectes platessa,413,,,,,,1,,,,,
BTS,2003,3,ISI,127143,Pleuronectes platessa,414,,,,1,,1,,,,,
BTS,2003,3,ISI,127143,Pleuronectes platessa,415,,,,,1,,,,,,
BTS,2003,3,ISI,127143,Pleuronectes platessa,416,,,,,,,1,1,,,
BTS,2003,3,ISI,127143,Pleuronectes platessa,419,,,,,,,1,,,,
BTS,2003,3,ISI,127143,Pleuronectes platessa,425,,,,,1,,,,,,
BTS,2003,3,ISI,127143,Pleuronectes platessa,427,,,,1,,,,,,,
BTS,2003,3,ISI,127143,Pleuronectes platessa,445,,,,,,,,1,,,
BTS,2003,3,ISI,127143,Pleuronectes platessa,448,,,,,,1,,,,,
BTS,2003,3,ISI,127143,Pleuronectes platessa,451,,,,,,,,1,,,
BTS,2003,3,ISI,127143,Pleuronectes platessa,462,,,,,,,,1,,,
BTS,2003,3,ISI,127143,Pleuronectes platessa,572,,,,,,,,,,,
BTS,2003,3,ISI,127160,Solea solea,122,2,,,,,,,,,,
BTS,2003,3,ISI,127160,Solea solea,123,2,,,,,,,,,,
BTS,2003,3,ISI,127160,Solea solea,128,2,,,,,,,,,,
BTS,2003,3,ISI,127160,Solea solea,130,2,,,,,,,,,,
BTS,2003,3,ISI,127160,Solea solea,141,2,,,,,,,,,,
BTS,2003,3,ISI,127160,Solea solea,144,,2,,,,,,,,,
BTS,2003,3,ISI,127160,Solea solea,145,2,,,,,,,,,,
BTS,2003,3,ISI,127160,Solea solea,162,,2,,,,,,,,,
BTS,2003,3,ISI,127160,Solea solea,164,,2,,,,,,,,,
BTS,2003,3,ISI,127160,Solea solea,165,,2,,,,,,,,,
BTS,2003,3,ISI,127160,Solea solea,168,,2,,,,,,,,,
BTS,2003,3,ISI,127160,Solea solea,169,,2,,,,,,,,,
BTS,2003,3,ISI,127160,Solea solea,171,,4,,,,,,,,,
BTS,2003,3,ISI,127160,Solea solea,173,,6,,,,,,,,,
BTS,2003,3,ISI,127160,Solea solea,174,,4,,,,,,,,,
BTS,2003,3,ISI,127160,Solea solea,175,,4,,,,,,,,,
BTS,2003,3,ISI,127160,Solea solea,176,,4,,,,,,,,,
BTS,2003,3,ISI,127160,Solea solea,177,,2,,,,,,,,,
BTS,2003,3,ISI,127160,Solea solea,178,,6,,,,,,,,,
BTS,2003,3,ISI,127160,Solea solea,179,,8,,,,,,,,,
BTS,2003,3,ISI,127160,Solea solea,181,,2,,,,,,,,,
BTS,2003,3,ISI,127160,Solea solea,182,,4,,,,,,,,,
BTS,2003,3,ISI,127160,Solea solea,183,,2,,,,,,,,,
BTS,2003,3,ISI,127160,Solea solea,184,,6,,,,,,,,,
BTS,2003,3,ISI,127160,Solea solea,185,,4,,,,,,,,,
BTS,2003,3,ISI,127160,Solea solea,186,,18,,,,,,,,,
BTS,2003,3,ISI,127160,Solea solea,187,,6,,,,,,,,,
BTS,2003,3,ISI,127160,Solea solea,188,,8,,,,,,,,,
BTS,2003,3,ISI,127160,Solea solea,189,,2,,,,,,,,,
BTS,2003,3,ISI,127160,Solea solea,190,,2,,,,,,,,,
BTS,2003,3,ISI,127160,Solea solea,191,,2,,,,,,,,,
BTS,2003,3,ISI,127160,Solea solea,192,,4,,,,,,,,,
BTS,2003,3,ISI,127160,Solea solea,193,,6,,,,,,,,,
BTS,2003,3,ISI,127160,Solea solea,194,,6,,,,,,,,,
BTS,2003,3,ISI,127160,Solea solea,195,,6,,,,,,,,,
BTS,2003,3,ISI,127160,Solea solea,196,,8,2,,,,,,,,
BTS,2003,3,ISI,127160,Solea solea,198,,4,2,,,,,,,,
BTS,2003,3,ISI,127160,Solea solea,199,,6,,,,,,,,,
BTS,2003,3,ISI,127160,Solea solea,201,,12,,,,,,,,,
BTS,2003,3,ISI,127160,Solea solea,202,,1,,,,,,,,,
BTS,2003,3,ISI,127160,Solea solea,203,,4,,,,,,,,,
BTS,2003,3,ISI,127160,Solea solea,204,,4,2,,,,,,,,
BTS,2003,3,ISI,127160,Solea solea,205,,6,4,,,,,,,,
BTS,2003,3,ISI,127160,Solea solea,206,,6,2,4,,,,,,,
BTS,2003,3,ISI,127160,Solea solea,207,,4,,,,,,,,,
BTS,2003,3,ISI,127160,Solea solea,208,,6,2,,,,,,,,
BTS,2003,3,ISI,127160,Solea solea,209,,6,2,,,,,,,,
BTS,2003,3,ISI,127160,Solea solea,210,,2,4,,,,,,,,
BTS,2003,3,ISI,127160,Solea solea,211,,6,2,,,,,,,,
BTS,2003,3,ISI,127160,Solea solea,212,,2,4,,2,,,,,,
BTS,2003,3,ISI,127160,Solea solea,213,,1,6,,,,,,,,
BTS,2003,3,ISI,127160,Solea solea,214,,12,,,,,,,,,
BTS,2003,3,ISI,127160,Solea solea,215,,2,4,,,,,,,,
BTS,2003,3,ISI,127160,Solea solea,216,,2,2,,,,,,,,
BTS,2003,3,ISI,127160,Solea solea,218,,2,,,,,,,,,
BTS,2003,3,ISI,127160,Solea solea,219,,2,,,,,,,,,
BTS,2003,3,ISI,127160,Solea solea,220,,4,,,,,,,,,
BTS,2003,3,ISI,127160,Solea solea,221,,6,,,,,,,,,
BTS,2003,3,ISI,127160,Solea solea,222,,4,4,,,,,,,,
BTS,2003,3,ISI,127160,Solea solea,223,,,8,2,,,,,,,
BTS,2003,3,ISI,127160,Solea solea,224,,6,2,,,,,,,,
BTS,2003,3,ISI,127160,Solea solea,225,,2,4,2,,,,,,,
BTS,2003,3,ISI,127160,Solea solea,226,,,1,,,,,,,,
BTS,2003,3,ISI,127160,Solea solea,227,,6,4,,,,,,,,
BTS,2003,3,ISI,127160,Solea solea,228,,2,2,2,,,,,,,
BTS,2003,3,ISI,127160,Solea solea,229,,,2,,,,,,,,
BTS,2003,3,ISI,127160,Solea solea,230,,,2,,,,,,,,
BTS,2003,3,ISI,127160,Solea solea,231,,4,4,4,,,,,,,
BTS,2003,3,ISI,127160,Solea solea,232,,2,8,,,,,,,,
BTS,2003,3,ISI,127160,Solea solea,233,,2,6,2,,,,,,,
BTS,2003,3,ISI,127160,Solea solea,234,,,6,2,,,,,,,
BTS,2003,3,ISI,127160,Solea solea,235,,2,6,,,,,,,,
BTS,2003,3,ISI,127160,Solea solea,236,,,2,2,2,,,,,,
BTS,2003,3,ISI,127160,Solea solea,237,,,2,,,,,,,,
BTS,2003,3,ISI,127160,Solea solea,238,,2,4,2,2,,,,,,
BTS,2003,3,ISI,127160,Solea solea,239,,,8,,,,,,,,
BTS,2003,3,ISI,127160,Solea solea,240,,,,,2,,,,,,
BTS,2003,3,ISI,127160,Solea solea,241,,,6,2,,,,,,,
BTS,2003,3,ISI,127160,Solea solea,242,,,12,2,,,,,,,
BTS,2003,3,ISI,127160,Solea solea,243,,,2,4,4,,,,,,
BTS,2003,3,ISI,127160,Solea solea,244,,,2,,2,,,,,,
BTS,2003,3,ISI,127160,Solea solea,245,,,6,2,,,,,,,
BTS,2003,3,ISI,127160,Solea solea,246,,2,1,2,,,,,,,
BTS,2003,3,ISI,127160,Solea solea,247,,,8,,,,,,,,
BTS,2003,3,ISI,127160,Solea solea,248,,,6,,2,,,,,,
BTS,2003,3,ISI,127160,Solea solea,249,,,1,2,2,,,,,,
BTS,2003,3,ISI,127160,Solea solea,250,,,2,,,,,,,,
BTS,2003,3,ISI,127160,Solea solea,251,,,4,2,4,,2,,,,
BTS,2003,3,ISI,127160,Solea solea,252,,,4,,,,,,,,
BTS,2003,3,ISI,127160,Solea solea,253,,,1,,,,,,,,
BTS,2003,3,ISI,127160,Solea solea,254,,,12,4,4,,,2,,,
BTS,2003,3,ISI,127160,Solea solea,255,,,4,,2,,,,,,
BTS,2003,3,ISI,127160,Solea solea,256,,,,2,4,,2,,,,
BTS,2003,3,ISI,127160,Solea solea,257,,,2,,,,,,,,
BTS,2003,3,ISI,127160,Solea solea,258,,,4,2,2,,,,,,
BTS,2003,3,ISI,127160,Solea solea,259,,,1,,2,,,,,,
BTS,2003,3,ISI,127160,Solea solea,260,,,8,,,,,,,,
BTS,2003,3,ISI,127160,Solea solea,261,,,6,2,2,2,,,,,
BTS,2003,3,ISI,127160,Solea solea,262,,,2,2,2,,,,,,
BTS,2003,3,ISI,127160,Solea solea,263,,,4,2,,,,,,,
BTS,2003,3,ISI,127160,Solea solea,264,,,2,2,,,,,,,
BTS,2003,3,ISI,127160,Solea solea,265,,,8,4,,,,2,,,
BTS,2003,3,ISI,127160,Solea solea,266,,,1,2,2,,,,,,
BTS,2003,3,ISI,127160,Solea solea,267,,,6,,,,,,,,
BTS,2003,3,ISI,127160,Solea solea,268,,2,8,,,,,,,,
BTS,2003,3,ISI,127160,Solea solea,269,,,1,,2,,,,,,
BTS,2003,3,ISI,127160,Solea solea,270,,,2,,,,2,,,,
BTS,2003,3,ISI,127160,Solea solea,271,,,12,2,,,,,,,
BTS,2003,3,ISI,127160,Solea solea,272,,,2,4,2,,,,,,
BTS,2003,3,ISI,127160,Solea solea,273,,,12,,,2,,,,,
BTS,2003,3,ISI,127160,Solea solea,274,,,2,2,,,,2,,,
BTS,2003,3,ISI,127160,Solea solea,275,,,8,4,,,,,,,
BTS,2003,3,ISI,127160,Solea solea,276,,,,4,,,,,,,
BTS,2003,3,ISI,127160,Solea solea,277,,,6,,,,,,,,
BTS,2003,3,ISI,127160,Solea solea,278,,,4,,,,,,,,
BTS,2003,3,ISI,127160,Solea solea,279,,,2,4,,,,2,,,
BTS,2003,3,ISI,127160,Solea solea,281,,,8,4,2,,,2,,,
BTS,2003,3,ISI,127160,Solea solea,282,,,2,2,,,,,,,
BTS,2003,3,ISI,127160,Solea solea,283,,,2,,2,,2,,,,
BTS,2003,3,ISI,127160,Solea solea,284,,,8,6,,,,,,,
BTS,2003,3,ISI,127160,Solea solea,285,,,4,2,,,,,,,
BTS,2003,3,ISI,127160,Solea solea,286,,,4,2,2,,2,,,,
BTS,2003,3,ISI,127160,Solea solea,287,,,2,,,,,,,,
BTS,2003,3,ISI,127160,Solea solea,288,,,4,2,4,,,,,,
BTS,2003,3,ISI,127160,Solea solea,289,,,,,2,,,,,,
BTS,2003,3,ISI,127160,Solea solea,290,,,2,,,,,2,,,
BTS,2003,3,ISI,127160,Solea solea,291,,,2,,,,,,,,
BTS,2003,3,ISI,127160,Solea solea,292,,,2,2,2,,,,,,
BTS,2003,3,ISI,127160,Solea solea,293,,,8,2,,,,,,,
BTS,2003,3,ISI,127160,Solea solea,294,,,2,,,,2,,,,
BTS,2003,3,ISI,127160,Solea solea,295,,,2,,,,,,,,
BTS,2003,3,ISI,127160,Solea solea,296,,,,,,,,2,,,
BTS,2003,3,ISI,127160,Solea solea,297,,,2,,2,,,2,,,
BTS,2003,3,ISI,127160,Solea solea,298,,,2,2,,,,,,,
BTS,2003,3,ISI,127160,Solea solea,299,,,2,2,,,,,,,
BTS,2003,3,ISI,127160,Solea solea,301,,,2,4,,,,,,,
BTS,2003,3,ISI,127160,Solea solea,302,,,,,4,,,,,,
BTS,2003,3,ISI,127160,Solea solea,304,,,2,2,2,,,,,,
BTS,2003,3,ISI,127160,Solea solea,305,,,2,,,,,,,,
BTS,2003,3,ISI,127160,Solea solea,306,,,2,1,,,,,,,
BTS,2003,3,ISI,127160,Solea solea,309,,,,2,,,,2,,,
BTS,2003,3,ISI,127160,Solea solea,311,,,,,,2,,,,,
BTS,2003,3,ISI,127160,Solea solea,313,,,,4,2,,,,,,
BTS,2003,3,ISI,127160,Solea solea,314,,,2,,,,,,,,
BTS,2003,3,ISI,127160,Solea solea,315,,,,4,,,,,,,
BTS,2003,3,ISI,127160,Solea solea,317,,,,4,,,,,,,
BTS,2003,3,ISI,127160,Solea solea,318,,,,,2,,,,,,
BTS,2003,3,ISI,127160,Solea solea,319,,,,,2,,,,,,
BTS,2003,3,ISI,127160,Solea solea,321,,,,2,,,,,,,
BTS,2003,3,ISI,127160,Solea solea,322,,,2,2,,,,,,,
BTS,2003,3,ISI,127160,Solea solea,323,,,,2,,,,,,,
BTS,2003,3,ISI,127160,Solea solea,324,,,,2,4,,,,,,
BTS,2003,3,ISI,127160,Solea solea,325,,,,4,,,,,,,
BTS,2003,3,ISI,127160,Solea solea,326,,,,4,,,,,,,
BTS,2003,3,ISI,127160,Solea solea,327,,,,2,,,,,,,
BTS,2003,3,ISI,127160,Solea solea,328,,,,,6,,,,,,
BTS,2003,3,ISI,127160,Solea solea,329,,,,,2,,,,,,
BTS,2003,3,ISI,127160,Solea solea,331,,,,2,,,,,,,
BTS,2003,3,ISI,127160,Solea solea,334,,,2,,,,,,,,
BTS,2003,3,ISI,127160,Solea solea,335,,,,,,,2,,,,
BTS,2003,3,ISI,127160,Solea solea,337,,,,,2,,,,,,
BTS,2003,3,ISI,127160,Solea solea,338,,,,2,,,,,,,
BTS,2003,3,ISI,127160,Solea solea,339,,,,2,,,,,,,
BTS,2003,3,ISI,127160,Solea solea,340,,,,2,,,,,,,
BTS,2003,3,ISI,127160,Solea solea,347,,,,2,2,,,,,,
BTS,2003,3,ISI,127160,Solea solea,351,,,,2,4,,,,,,
BTS,2003,3,ISI,127160,Solea solea,352,,,,,2,2,,,,,
BTS,2003,3,ISI,127160,Solea solea,353,,,,,2,,,,,,
BTS,2003,3,ISI,127160,Solea solea,356,,,,,2,,,,,,
BTS,2003,3,ISI,127160,Solea solea,357,,,,,2,,,,,,
BTS,2003,3,ISI,127160,Solea solea,358,,,,,,,,2,,,
BTS,2003,3,ISI,127160,Solea solea,365,,,,,2,,,,,,
BTS,2003,3,ISI,127160,Solea solea,373,,,,,2,,4,,,,
BTS,2003,3,ISI,127160,Solea solea,374,,,,,,2,,,,,
BTS,2003,3,ISI,127160,Solea solea,376,,,,,2,,,,,,
BTS,2003,3,ISI,127160,Solea solea,379,,,,,,2,,,,,
BTS,2003,3,ISI,127160,Solea solea,380,,,,,,,2,,,,
BTS,2003,3,ISI,127160,Solea solea,382,,,,,2,2,,,,,
BTS,2003,3,ISI,127160,Solea solea,386,,,,,,,,2,,,
BTS,2003,3,ISI,127160,Solea solea,387,,,,,,,,2,,,
BTS,2003,3,SOL,127143,Pleuronectes platessa,17,,2,,,,,,,,,
BTS,2003,3,SOL,127143,Pleuronectes platessa,18,,1,1,,,,,,,,
BTS,2003,3,SOL,127143,Pleuronectes platessa,19,,4,4,,,,,,,,
BTS,2003,3,SOL,127143,Pleuronectes platessa,20,,5,13,,,,,,,,
BTS,2003,3,SOL,127143,Pleuronectes platessa,21,,4,17,,,,,,,,
BTS,2003,3,SOL,127143,Pleuronectes platessa,22,,2,26,,,,,,,,
BTS,2003,3,SOL,127143,Pleuronectes platessa,23,,,28,,2,,,,,,
BTS,2003,3,SOL,127143,Pleuronectes platessa,24,,,3,1,1,,,,,,
BTS,2003,3,SOL,127143,Pleuronectes platessa,25,,,31,,,,,,,,
BTS,2003,3,SOL,127143,Pleuronectes platessa,26,,,3,5,,,,,,,
BTS,2003,3,SOL,127143,Pleuronectes platessa,27,,,19,8,1,,,,,,
BTS,2003,3,SOL,127143,Pleuronectes platessa,28,,,22,13,4,1,1,,,,
BTS,2003,3,SOL,127143,Pleuronectes platessa,29,,,9,15,8,4,,1,,,
BTS,2003,3,SOL,127143,Pleuronectes platessa,30,,,9,21,13,7,1,1,,,
BTS,2003,3,SOL,127143,Pleuronectes platessa,31,,,,13,6,7,1,,,,
BTS,2003,3,SOL,127143,Pleuronectes platessa,32,,,1,14,1,11,2,3,,,
BTS,2003,3,SOL,127143,Pleuronectes platessa,33,,,,1,14,2,4,,,,
BTS,2003,3,SOL,127143,Pleuronectes platessa,34,,,1,3,9,7,2,1,,,
BTS,2003,3,SOL,127143,Pleuronectes platessa,35,,,,2,3,4,2,4,,,
BTS,2003,3,SOL,127143,Pleuronectes platessa,36,,,,,4,5,6,2,,,
BTS,2003,3,SOL,127143,Pleuronectes platessa,37,,,,,2,7,3,1,,,
BTS,2003,3,SOL,127143,Pleuronectes platessa,38,,,,,1,3,2,1,,,
BTS,2003,3,SOL,127143,Pleuronectes platessa,39,,,,,1,1,4,1,1,,
BTS,2003,3,SOL,127143,Pleuronectes platessa,40,,,,,,,2,2,,,
BTS,2003,3,SOL,127143,Pleuronectes platessa,41,,,,,,,,1,,,
BTS,2003,3,SOL,127143,Pleuronectes platessa,42,,,,,,,4,4,2,,
BTS,2003,3,SOL,127143,Pleuronectes platessa,44,,,,,,,,,1,,
BTS,2003,3,SOL,127143,Pleuronectes platessa,46,,,,,,,,1,,,
BTS,2003,3,SOL,127143,Pleuronectes platessa,52,,,,,,,1,,,,
BTS,2003,3,SOL,127143,Pleuronectes platessa,53,,,,,,,,,,1,
BTS,2003,3,SOL,127143,Pleuronectes platessa,60,,,,,,,,,,,1
BTS,2003,3,SOL,127160,Solea solea,22,,,,,2,,,,,,
BTS,2003,3,SOL,127160,Solea solea,23,,,4,,,,,,,,
BTS,2003,3,SOL,127160,Solea solea,24,,,,,4,,2,,,,
BTS,2003,3,SOL,127160,Solea solea,25,,,,,2,,2,,,,
BTS,2003,3,SOL,127160,Solea solea,26,,,,2,,,,,,,
BTS,2003,3,SOL,127160,Solea solea,27,,,,,,2,,,,,
BTS,2003,3,SOL,127160,Solea solea,28,,,,2,,,,,,,
BTS,2003,3,SOL,127160,Solea solea,29,,,,2,,,2,,,,
BTS,2003,3,SOL,127160,Solea solea,31,,,,,,2,,2,,,
BTS,2003,3,SOL,127160,Solea solea,35,,,,,,4,,,,,
BTS,2003,3,TRI2,127143,Pleuronectes platessa,128,,1,,,,,,,,,
BTS,2003,3,TRI2,127143,Pleuronectes platessa,143,,1,,,,,,,,,
BTS,2003,3,TRI2,127143,Pleuronectes platessa,145,,2,,,,,,,,,
BTS,2003,3,TRI2,127143,Pleuronectes platessa,147,,1,,,,,,,,,
BTS,2003,3,TRI2,127143,Pleuronectes platessa,153,,,,,,,,,,,
BTS,2003,3,TRI2,127143,Pleuronectes platessa,155,,1,1,,,,,,,,
BTS,2003,3,TRI2,127143,Pleuronectes platessa,156,,,1,,,,,,,,
BTS,2003,3,TRI2,127143,Pleuronectes platessa,158,,,1,,,,,,,,
BTS,2003,3,TRI2,127143,Pleuronectes platessa,160,,,1,,,,,,,,
BTS,2003,3,TRI2,127143,Pleuronectes platessa,161,,,1,,,,,,,,
BTS,2003,3,TRI2,127143,Pleuronectes platessa,163,,1,1,,,,,,,,
BTS,2003,3,TRI2,127143,Pleuronectes platessa,167,,1,,,,,,,,,
BTS,2003,3,TRI2,127143,Pleuronectes platessa,168,,,2,,,,,,,,
BTS,2003,3,TRI2,127143,Pleuronectes platessa,171,,,1,,,,,,,,
BTS,2003,3,TRI2,127143,Pleuronectes platessa,172,,,1,,,,,,,,
BTS,2003,3,TRI2,127143,Pleuronectes platessa,174,,,1,,,,,,,,
BTS,2003,3,TRI2,127143,Pleuronectes platessa,175,,,1,,,,,,,,
BTS,2003,3,TRI2,127143,Pleuronectes platessa,176,,3,2,,,,,,,,
BTS,2003,3,TRI2,127143,Pleuronectes platessa,177,,,1,,,,,,,,
BTS,2003,3,TRI2,127143,Pleuronectes platessa,178,,2,1,,,,,,,,
BTS,2003,3,TRI2,127143,Pleuronectes platessa,179,,,1,,,,,,,,
BTS,2003,3,TRI2,127143,Pleuronectes platessa,181,,1,1,,,,,,,,
BTS,2003,3,TRI2,127143,Pleuronectes platessa,183,,,2,,,,,,,,
BTS,2003,3,TRI2,127143,Pleuronectes platessa,185,,2,3,,,,,,,,
BTS,2003,3,TRI2,127143,Pleuronectes platessa,186,,1,,1,,,,,,,
BTS,2003,3,TRI2,127143,Pleuronectes platessa,187,,,3,1,,,,,,,
BTS,2003,3,TRI2,127143,Pleuronectes platessa,188,,,2,1,,,,,,,
BTS,2003,3,TRI2,127143,Pleuronectes platessa,190,,1,,,,,,,,,
BTS,2003,3,TRI2,127143,Pleuronectes platessa,191,,,1,,,,,,,,
BTS,2003,3,TRI2,127143,Pleuronectes platessa,192,,,1,2,,1,,,,,
BTS,2003,3,TRI2,127143,Pleuronectes platessa,193,,2,,1,1,,,,,,
BTS,2003,3,TRI2,127143,Pleuronectes platessa,194,,,2,1,,,,,,,
BTS,2003,3,TRI2,127143,Pleuronectes platessa,195,,,3,1,,,,,,,
BTS,2003,3,TRI2,127143,Pleuronectes platessa,196,,,2,,,1,,,,,
BTS,2003,3,TRI2,127143,Pleuronectes platessa,198,,1,5,,,,,,,,
BTS,2003,3,TRI2,127143,Pleuronectes platessa,199,,1,,1,,,,,,,
BTS,2003,3,TRI2,127143,Pleuronectes platessa,200,,,2,,,,,,,,
BTS,2003,3,TRI2,127143,Pleuronectes platessa,201,,,1,4,1,,,,,,
BTS,2003,3,TRI2,127143,Pleuronectes platessa,202,,1,4,2,,,,,,,
BTS,2003,3,TRI2,127143,Pleuronectes platessa,203,,,3,,,,,,,,
BTS,2003,3,TRI2,127143,Pleuronectes platessa,204,,1,,1,,,,,,,
BTS,2003,3,TRI2,127143,Pleuronectes platessa,205,,,2,,1,,,,,,
BTS,2003,3,TRI2,127143,Pleuronectes platessa,206,,,1,2,,,,,,,
BTS,2003,3,TRI2,127143,Pleuronectes platessa,207,,1,3,1,,,,,,,
BTS,2003,3,TRI2,127143,Pleuronectes platessa,208,,1,4,1,1,,,,,,
BTS,2003,3,TRI2,127143,Pleuronectes platessa,209,,,1,1,1,,,,,,
BTS,2003,3,TRI2,127143,Pleuronectes platessa,210,,,1,2,,,,,,,
BTS,2003,3,TRI2,127143,Pleuronectes platessa,211,,1,1,1,1,,,,,,
BTS,2003,3,TRI2,127143,Pleuronectes platessa,212,,,7,,1,,,,,,
BTS,2003,3,TRI2,127143,Pleuronectes platessa,213,,1,5,3,1,,,,,,
BTS,2003,3,TRI2,127143,Pleuronectes platessa,214,,,5,2,,,,,,,
BTS,2003,3,TRI2,127143,Pleuronectes platessa,215,,1,2,,1,,,,,,
BTS,2003,3,TRI2,127143,Pleuronectes platessa,216,,,2,,1,,,,,,
BTS,2003,3,TRI2,127143,Pleuronectes platessa,217,,,2,,1,,,,,,
BTS,2003,3,TRI2,127143,Pleuronectes platessa,218,,,4,,,1,,,,,
BTS,2003,3,TRI2,127143,Pleuronectes platessa,219,,,4,,,,,,,,
BTS,2003,3,TRI2,127143,Pleuronectes platessa,220,,,4,2,,,,,,,
BTS,2003,3,TRI2,127143,Pleuronectes platessa,221,,,8,2,1,,,,,,
BTS,2003,3,TRI2,127143,Pleuronectes platessa,222,,,2,2,,,,,,,
BTS,2003,3,TRI2,127143,Pleuronectes platessa,223,,1,2,2,,,,,,,
BTS,2003,3,TRI2,127143,Pleuronectes platessa,224,,2,8,3,,,,,,,
BTS,2003,3,TRI2,127143,Pleuronectes platessa,225,,,3,3,1,,,,,,
BTS,2003,3,TRI2,127143,Pleuronectes platessa,226,,,1,1,,,,,,,
BTS,2003,3,TRI2,127143,Pleuronectes platessa,227,,,1,1,,,,,,,
BTS,2003,3,TRI2,127143,Pleuronectes platessa,228,,,7,,2,1,,,,,
BTS,2003,3,TRI2,127143,Pleuronectes platessa,229,,,2,1,,,,,,,
BTS,2003,3,TRI2,127143,Pleuronectes platessa,230,,,3,,1,,,,,,
BTS,2003,3,TRI2,127143,Pleuronectes platessa,231,,,4,,2,,,,,,
BTS,2003,3,TRI2,127143,Pleuronectes platessa,232,,,6,,,,,,,,
BTS,2003,3,TRI2,127143,Pleuronectes platessa,233,,,2,1,1,,,1,,,
BTS,2003,3,TRI2,127143,Pleuronectes platessa,234,,,3,,2,,,,,,
BTS,2003,3,TRI2,127143,Pleuronectes platessa,235,,,6,1,2,,,,,,
BTS,2003,3,TRI2,127143,Pleuronectes platessa,236,,,1,1,,,,,,,
BTS,2003,3,TRI2,127143,Pleuronectes platessa,237,,,4,,1,,,,,,
BTS,2003,3,TRI2,127143,Pleuronectes platessa,238,,,7,2,2,3,,1,,,
BTS,2003,3,TRI2,127143,Pleuronectes platessa,239,,,4,1,2,,1,,,,
BTS,2003,3,TRI2,127143,Pleuronectes platessa,240,,,1,3,1,,,,,,
BTS,2003,3,TRI2,127143,Pleuronectes platessa,241,,,5,2,1,1,,,,,
BTS,2003,3,TRI2,127143,Pleuronectes platessa,242,,,4,1,,,,,,,
BTS,2003,3,TRI2,127143,Pleuronectes platessa,243,,,1,3,1,1,,,,,
BTS,2003,3,TRI2,127143,Pleuronectes platessa,244,,,1,1,,,,,,,
BTS,2003,3,TRI2,127143,Pleuronectes platessa,245,,,4,1,2,,1,,,,
BTS,2003,3,TRI2,127143,Pleuronectes platessa,246,,,1,2,,,1,,,,
BTS,2003,3,TRI2,127143,Pleuronectes platessa,247,,,3,,1,,,,,,
BTS,2003,3,TRI2,127143,Pleuronectes platessa,248,,,7,2,1,1,,2,,,
BTS,2003,3,TRI2,127143,Pleuronectes platessa,249,,,5,2,1,,,,,,
BTS,2003,3,TRI2,127143,Pleuronectes platessa,250,,,2,,2,,,,,,
BTS,2003,3,TRI2,127143,Pleuronectes platessa,251,,,2,1,2,1,,,,,
BTS,2003,3,TRI2,127143,Pleuronectes platessa,252,,,2,1,2,2,,,,,
BTS,2003,3,TRI2,127143,Pleuronectes platessa,253,,,6,3,,,,,,,
BTS,2003,3,TRI2,127143,Pleuronectes platessa,254,,1,2,,2,,,,,1,
BTS,2003,3,TRI2,127143,Pleuronectes platessa,255,,,,2,1,,,,,,
BTS,2003,3,TRI2,127143,Pleuronectes platessa,256,,,1,2,4,,,,,,
BTS,2003,3,TRI2,127143,Pleuronectes platessa,257,,,6,,1,,,,,,
BTS,2003,3,TRI2,127143,Pleuronectes platessa,258,,,3,,3,,1,2,,,
BTS,2003,3,TRI2,127143,Pleuronectes platessa,259,,,4,,,1,1,,,,
BTS,2003,3,TRI2,127143,Pleuronectes platessa,260,,,2,1,1,,,1,,,
BTS,2003,3,TRI2,127143,Pleuronectes platessa,261,,,3,1,3,,,1,,,
BTS,2003,3,TRI2,127143,Pleuronectes platessa,262,,,2,3,1,1,,,,,
BTS,2003,3,TRI2,127143,Pleuronectes platessa,263,,,5,,2,1,,,,,
BTS,2003,3,TRI2,127143,Pleuronectes platessa,264,,,3,,1,1,,1,,,
BTS,2003,3,TRI2,127143,Pleuronectes platessa,265,,,3,2,,2,1,,,,
BTS,2003,3,TRI2,127143,Pleuronectes platessa,266,,,2,1,2,1,,,,,1
BTS,2003,3,TRI2,127143,Pleuronectes platessa,267,,1,6,,,,,,,,
BTS,2003,3,TRI2,127143,Pleuronectes platessa,268,,,4,1,2,,1,,,,
BTS,2003,3,TRI2,127143,Pleuronectes platessa,269,,,3,1,1,,,,,,
BTS,2003,3,TRI2,127143,Pleuronectes platessa,270,,,1,2,3,1,,,,,
BTS,2003,3,TRI2,127143,Pleuronectes platessa,271,,,3,2,2,1,1,,,,
BTS,2003,3,TRI2,127143,Pleuronectes platessa,272,,,6,1,,,,,,,
BTS,2003,3,TRI2,127143,Pleuronectes platessa,273,,,2,1,2,,,,,,
BTS,2003,3,TRI2,127143,Pleuronectes platessa,274,,,6,1,1,1,,,,,
BTS,2003,3,TRI2,127143,Pleuronectes platessa,275,,,4,2,2,,,,,,
BTS,2003,3,TRI2,127143,Pleuronectes platessa,276,,,3,1,1,,1,1,,,
BTS,2003,3,TRI2,127143,Pleuronectes platessa,277,,,4,,2,,,,,,
BTS,2003,3,TRI2,127143,Pleuronectes platessa,278,,,2,,6,,1,,,,
BTS,2003,3,TRI2,127143,Pleuronectes platessa,279,,,1,,,2,,,1,,
BTS,2003,3,TRI2,127143,Pleuronectes platessa,280,,,2,,1,1,1,1,,,
BTS,2003,3,TRI2,127143,Pleuronectes platessa,281,,,1,,,2,,1,,1,
BTS,2003,3,TRI2,127143,Pleuronectes platessa,282,,,2,2,3,1,,1,,,
BTS,2003,3,TRI2,127143,Pleuronectes platessa,283,,,2,1,1,,2,,,,
BTS,2003,3,TRI2,127143,Pleuronectes platessa,284,,,2,1,1,1,,,,,
BTS,2003,3,TRI2,127143,Pleuronectes platessa,285,,,4,3,1,,,,,1,
BTS,2003,3,TRI2,127143,Pleuronectes platessa,286,,,3,3,1,1,,1,,,
BTS,2003,3,TRI2,127143,Pleuronectes platessa,287,,,2,3,2,,,,1,,
BTS,2003,3,TRI2,127143,Pleuronectes platessa,288,,,5,3,2,3,1,,,,
BTS,2003,3,TRI2,127143,Pleuronectes platessa,289,,,2,1,2,1,,2,,,
BTS,2003,3,TRI2,127143,Pleuronectes platessa,290,,,1,1,4,,,1,,,
BTS,2003,3,TRI2,127143,Pleuronectes platessa,291,,,5,2,4,1,,1,,,
BTS,2003,3,TRI2,127143,Pleuronectes platessa,292,,,1,4,,1,,,,,
BTS,2003,3,TRI2,127143,Pleuronectes platessa,293,,,3,3,2,,,,,,
BTS,2003,3,TRI2,127143,Pleuronectes platessa,294,,,1,3,2,2,,1,,,
BTS,2003,3,TRI2,127143,Pleuronectes platessa,295,,,,1,3,,1,,,,
BTS,2003,3,TRI2,127143,Pleuronectes platessa,296,,,3,3,4,,2,1,,,
BTS,2003,3,TRI2,127143,Pleuronectes platessa,297,,,2,,,2,1,1,,,
BTS,2003,3,TRI2,127143,Pleuronectes platessa,298,,,3,5,1,,1,,,,
BTS,2003,3,TRI2,127143,Pleuronectes platessa,299,,,2,1,2,,,,,,
BTS,2003,3,TRI2,127143,Pleuronectes platessa,300,,,,1,,4,,,,,
BTS,2003,3,TRI2,127143,Pleuronectes platessa,301,,,,2,2,,,1,,,
BTS,2003,3,TRI2,127143,Pleuronectes platessa,302,,,2,1,1,1,2,,,,1
BTS,2003,3,TRI2,127143,Pleuronectes platessa,303,,,3,2,,2,,,,,
BTS,2003,3,TRI2,127143,Pleuronectes platessa,304,,,,3,,1,1,,,1,
BTS,2003,3,TRI2,127143,Pleuronectes platessa,305,,,,2,,1,1,,2,,
BTS,2003,3,TRI2,127143,Pleuronectes platessa,306,,,1,3,2,,,,,,
BTS,2003,3,TRI2,127143,Pleuronectes platessa,307,,,3,1,2,,,,,,
BTS,2003,3,TRI2,127143,Pleuronectes platessa,308,,,1,7,,2,3,1,,,
BTS,2003,3,TRI2,127143,Pleuronectes platessa,309,,,,,1,3,,1,,,
BTS,2003,3,TRI2,127143,Pleuronectes platessa,310,,,1,3,1,1,,,,,1
BTS,2003,3,TRI2,127143,Pleuronectes platessa,311,,,1,3,4,1,,1,,,
BTS,2003,3,TRI2,127143,Pleuronectes platessa,312,,,1,2,5,2,1,,,,
BTS,2003,3,TRI2,127143,Pleuronectes platessa,313,,,2,4,2,1,1,1,,,
BTS,2003,3,TRI2,127143,Pleuronectes platessa,314,,,1,3,2,2,,1,,1,
BTS,2003,3,TRI2,127143,Pleuronectes platessa,315,,,3,1,2,1,1,1,1,,
BTS,2003,3,TRI2,127143,Pleuronectes platessa,316,,,2,5,1,,,,,,
BTS,2003,3,TRI2,127143,Pleuronectes platessa,317,,,2,3,2,2,,1,1,,
BTS,2003,3,TRI2,127143,Pleuronectes platessa,318,,,1,1,1,1,2,3,1,,
BTS,2003,3,TRI2,127143,Pleuronectes platessa,319,,,,2,,1,,,,,
BTS,2003,3,TRI2,127143,Pleuronectes platessa,320,,,,,,,,1,,,1
BTS,2003,3,TRI2,127143,Pleuronectes platessa,321,,,1,2,1,,,,,,
BTS,2003,3,TRI2,127143,Pleuronectes platessa,322,,,,3,,,,,,,
BTS,2003,3,TRI2,127143,Pleuronectes platessa,323,,,2,3,,1,2,2,,,
BTS,2003,3,TRI2,127143,Pleuronectes platessa,324,,,,8,2,2,,1,,1,
BTS,2003,3,TRI2,127143,Pleuronectes platessa,325,,,1,2,2,2,,3,1,1,
BTS,2003,3,TRI2,127143,Pleuronectes platessa,326,,,,,,,,2,,,
BTS,2003,3,TRI2,127143,Pleuronectes platessa,327,,,1,5,2,,1,2,,,
BTS,2003,3,TRI2,127143,Pleuronectes platessa,328,,,2,3,2,3,2,2,,,
BTS,2003,3,TRI2,127143,Pleuronectes platessa,329,,,,3,3,1,1,1,,,
BTS,2003,3,TRI2,127143,Pleuronectes platessa,330,,,,1,1,1,,,,,
BTS,2003,3,TRI2,127143,Pleuronectes platessa,331,,,1,2,2,1,2,2,,,
BTS,2003,3,TRI2,127143,Pleuronectes platessa,332,,,,,3,1,1,,1,,
BTS,2003,3,TRI2,127143,Pleuronectes platessa,333,,,,3,3,1,2,3,,,1
BTS,2003,3,TRI2,127143,Pleuronectes platessa,334,,,,2,,1,1,,,,
BTS,2003,3,TRI2,127143,Pleuronectes platessa,335,,,,3,4,,,1,,2,
BTS,2003,3,TRI2,127143,Pleuronectes platessa,336,,,1,1,,,2,1,,,
BTS,2003,3,TRI2,127143,Pleuronectes platessa,337,,,,1,3,4,1,,,,
BTS,2003,3,TRI2,127143,Pleuronectes platessa,338,,,,5,2,,1,1,1,3,1
BTS,2003,3,TRI2,127143,Pleuronectes platessa,339,,,,,,2,,2,2,,
BTS,2003,3,TRI2,127143,Pleuronectes platessa,340,,,,2,1,1,,,,,
BTS,2003,3,TRI2,127143,Pleuronectes platessa,341,,,1,3,1,2,,3,,1,
BTS,2003,3,TRI2,127143,Pleuronectes platessa,342,,,,2,3,2,1,5,,1,
BTS,2003,3,TRI2,127143,Pleuronectes platessa,343,,,,1,1,3,4,3,,,
BTS,2003,3,TRI2,127143,Pleuronectes platessa,344,,,,,2,1,,1,,,
BTS,2003,3,TRI2,127143,Pleuronectes platessa,345,,,,,1,1,,2,1,1,
BTS,2003,3,TRI2,127143,Pleuronectes platessa,346,,,,,2,2,,1,,,
BTS,2003,3,TRI2,127143,Pleuronectes platessa,347,,,,1,2,2,,2,,,
BTS,2003,3,TRI2,127143,Pleuronectes platessa,348,,,,1,3,2,,2,,,
BTS,2003,3,TRI2,127143,Pleuronectes platessa,349,,,1,,2,,1,,,,
BTS,2003,3,TRI2,127143,Pleuronectes platessa,350,,,,,1,,,,,,
BTS,2003,3,TRI2,127143,Pleuronectes platessa,351,,,,2,3,,,2,,,
BTS,2003,3,TRI2,127143,Pleuronectes platessa,352,,,,1,1,,1,1,,,
BTS,2003,3,TRI2,127143,Pleuronectes platessa,353,,,,1,1,4,1,3,2,,
BTS,2003,3,TRI2,127143,Pleuronectes platessa,354,,,,2,,1,2,1,,1,1
BTS,2003,3,TRI2,127143,Pleuronectes platessa,355,,,,1,,2,,2,,,
BTS,2003,3,TRI2,127143,Pleuronectes platessa,356,,,,,,1,,,,,
BTS,2003,3,TRI2,127143,Pleuronectes platessa,357,,,,2,3,,,1,,,1
BTS,2003,3,TRI2,127143,Pleuronectes platessa,358,,,,4,,2,,1,,,
BTS,2003,3,TRI2,127143,Pleuronectes platessa,359,,,,1,1,,,,,,
BTS,2003,3,TRI2,127143,Pleuronectes platessa,360,,,,,,1,,4,,,
BTS,2003,3,TRI2,127143,Pleuronectes platessa,361,,,,1,,1,2,2,,,
BTS,2003,3,TRI2,127143,Pleuronectes platessa,362,,,,1,1,,3,2,,,
BTS,2003,3,TRI2,127143,Pleuronectes platessa,363,,,,2,3,1,3,1,,,
BTS,2003,3,TRI2,127143,Pleuronectes platessa,364,,,,,,,,,1,,
BTS,2003,3,TRI2,127143,Pleuronectes platessa,365,,,,1,2,,1,,,,
BTS,2003,3,TRI2,127143,Pleuronectes platessa,366,,,,1,,1,,,,,
BTS,2003,3,TRI2,127143,Pleuronectes platessa,367,,,,,,1,,2,,1,
BTS,2003,3,TRI2,127143,Pleuronectes platessa,368,,,,,1,,1,2,1,1,
BTS,2003,3,TRI2,127143,Pleuronectes platessa,370,,,,,,1,,,,1,
BTS,2003,3,TRI2,127143,Pleuronectes platessa,371,,,,1,,3,,1,1,1,
BTS,2003,3,TRI2,127143,Pleuronectes platessa,372,,,,,1,,,,1,1,
BTS,2003,3,TRI2,127143,Pleuronectes platessa,373,,,,,,1,,1,,,
BTS,2003,3,TRI2,127143,Pleuronectes platessa,374,,,,1,1,,,3,,,
BTS,2003,3,TRI2,127143,Pleuronectes platessa,375,,,,,,,,,,,
BTS,2003,3,TRI2,127143,Pleuronectes platessa,376,,,,,1,1,1,2,,,
BTS,2003,3,TRI2,127143,Pleuronectes platessa,377,,,,1,1,1,,2,,,
BTS,2003,3,TRI2,127143,Pleuronectes platessa,378,,,,,2,2,1,4,1,,
BTS,2003,3,TRI2,127143,Pleuronectes platessa,379,,,,,1,,,,,,
BTS,2003,3,TRI2,127143,Pleuronectes platessa,380,,,,,1,1,,,1,,
BTS,2003,3,TRI2,127143,Pleuronectes platessa,381,,,,1,1,1,1,,,,
BTS,2003,3,TRI2,127143,Pleuronectes platessa,382,,,,1,2,1,,,,,
BTS,2003,3,TRI2,127143,Pleuronectes platessa,383,,,,,1,,2,,,,
BTS,2003,3,TRI2,127143,Pleuronectes platessa,384,,,,,,1,,,,,
BTS,2003,3,TRI2,127143,Pleuronectes platessa,385,,,,,1,,2,,,,
BTS,2003,3,TRI2,127143,Pleuronectes platessa,386,,,,,1,,,,,,
BTS,2003,3,TRI2,127143,Pleuronectes platessa,387,,,,,1,1,,2,,,
BTS,2003,3,TRI2,127143,Pleuronectes platessa,388,,,,1,,1,,3,,,
BTS,2003,3,TRI2,127143,Pleuronectes platessa,389,,,,,,1,1,,,,
BTS,2003,3,TRI2,127143,Pleuronectes platessa,390,,,,,,,,,,1,
BTS,2003,3,TRI2,127143,Pleuronectes platessa,391,,,,,,,1,,,,
BTS,2003,3,TRI2,127143,Pleuronectes platessa,392,,,,,,,1,1,,,
BTS,2003,3,TRI2,127143,Pleuronectes platessa,393,,,,,1,1,3,2,,,
BTS,2003,3,TRI2,127143,Pleuronectes platessa,394,,,,,1,3,1,,,,
BTS,2003,3,TRI2,127143,Pleuronectes platessa,395,,,,,1,,,1,,,
BTS,2003,3,TRI2,127143,Pleuronectes platessa,397,,,,,,1,,2,,,
BTS,2003,3,TRI2,127143,Pleuronectes platessa,398,,,,,,,1,,,,
BTS,2003,3,TRI2,127143,Pleuronectes platessa,399,,,,,,1,,,,,
BTS,2003,3,TRI2,127143,Pleuronectes platessa,400,,,,,1,,,,,,
BTS,2003,3,TRI2,127143,Pleuronectes platessa,401,,,,,,,,1,,1,
BTS,2003,3,TRI2,127143,Pleuronectes platessa,402,,,,,,2,3,1,,1,1
BTS,2003,3,TRI2,127143,Pleuronectes platessa,403,,,,,1,1,,1,,,
BTS,2003,3,TRI2,127143,Pleuronectes platessa,404,,,,,,,,3,,,
BTS,2003,3,TRI2,127143,Pleuronectes platessa,407,,,,,,,,,2,,
BTS,2003,3,TRI2,127143,Pleuronectes platessa,408,,,,,,,,1,,,1
BTS,2003,3,TRI2,127143,Pleuronectes platessa,409,,,,,,,,,,,
BTS,2003,3,TRI2,127143,Pleuronectes platessa,410,,,,,,,1,,,,
BTS,2003,3,TRI2,127143,Pleuronectes platessa,411,,,,,,1,,,,,
BTS,2003,3,TRI2,127143,Pleuronectes platessa,412,,,,1,,,,,1,,
BTS,2003,3,TRI2,127143,Pleuronectes platessa,413,,,,,,,1,1,,1,
BTS,2003,3,TRI2,127143,Pleuronectes platessa,414,,,,,,1,,,,,
BTS,2003,3,TRI2,127143,Pleuronectes platessa,416,,,,,,,,,1,,
BTS,2003,3,TRI2,127143,Pleuronectes platessa,417,,,,,,,,1,,,
BTS,2003,3,TRI2,127143,Pleuronectes platessa,418,,,,,,,1,,,1,
BTS,2003,3,TRI2,127143,Pleuronectes platessa,420,,,,,,,1,,1,,
BTS,2003,3,TRI2,127143,Pleuronectes platessa,421,,,,,,,,1,,,
BTS,2003,3,TRI2,127143,Pleuronectes platessa,422,,,,,,,,,,,
BTS,2003,3,TRI2,127143,Pleuronectes platessa,423,,,,,,,,1,,,
BTS,2003,3,TRI2,127143,Pleuronectes platessa,426,,,,,,1,,,,,
BTS,2003,3,TRI2,127143,Pleuronectes platessa,427,,,,,,,,1,,,
BTS,2003,3,TRI2,127143,Pleuronectes platessa,428,,,,,,,,,,2,
BTS,2003,3,TRI2,127143,Pleuronectes platessa,430,,,,,,,,1,,,
BTS,2003,3,TRI2,127143,Pleuronectes platessa,433,,,,,,,,,1,,
BTS,2003,3,TRI2,127143,Pleuronectes platessa,436,,,,,,1,,,,,
BTS,2003,3,TRI2,127143,Pleuronectes platessa,437,,,,,,,,,,,
BTS,2003,3,TRI2,127143,Pleuronectes platessa,438,,,,,,,,,,,
BTS,2003,3,TRI2,127143,Pleuronectes platessa,441,,,,,,,,1,,,
BTS,2003,3,TRI2,127143,Pleuronectes platessa,442,,,,,,,,1,,,
BTS,2003,3,TRI2,127143,Pleuronectes platessa,443,,,,,,,,1,,,
BTS,2003,3,TRI2,127143,Pleuronectes platessa,445,,,,,,,,1,,,
BTS,2003,3,TRI2,127143,Pleuronectes platessa,446,,,,,,,,1,,,
BTS,2003,3,TRI2,127143,Pleuronectes platessa,448,,,,,,,,,,,
BTS,2003,3,TRI2,127143,Pleuronectes platessa,456,,,,,,,,,,,
BTS,2003,3,TRI2,127143,Pleuronectes platessa,458,,,,,,,,,,,
BTS,2003,3,TRI2,127143,Pleuronectes platessa,462,,,,,,,,1,,,
BTS,2003,3,TRI2,127143,Pleuronectes platessa,465,,,,,,1,,,,,
BTS,2003,3,TRI2,127143,Pleuronectes platessa,473,,,,,,,,,,,1
BTS,2003,3,TRI2,127143,Pleuronectes platessa,476,,,,,,,,,,1,
BTS,2003,3,TRI2,127143,Pleuronectes platessa,487,,,,,,,,,,,
BTS,2003,3,TRI2,127143,Pleuronectes platessa,495,,,,,,,,,,,1
BTS,2003,3,TRI2,127143,Pleuronectes platessa,498,,,,,,,,,,,
BTS,2003,3,TRI2,127143,Pleuronectes platessa,503,,,,,,,,,,,
BTS,2003,3,TRI2,127143,Pleuronectes platessa,519,,,,,,,,,,,
BTS,2003,3,TRI2,127143,Pleuronectes platessa,538,,,,,,,,,,,
BTS,2003,3,TRI2,127143,Pleuronectes platessa,547,,,,,,,,,,,
BTS,2003,3,TRI2,127143,Pleuronectes platessa,574,,,,,,,,,,1,
BTS,2003,3,TRI2,127143,Pleuronectes platessa,597,,,,,,,,,,,
BTS,2003,3,TRI2,127160,Solea solea,114,2,,,,,,,,,,
BTS,2003,3,TRI2,127160,Solea solea,121,2,,,,,,,,,,
BTS,2003,3,TRI2,127160,Solea solea,124,2,,,,,,,,,,
BTS,2003,3,TRI2,127160,Solea solea,153,,2,,,,,,,,,
BTS,2003,3,TRI2,127160,Solea solea,157,,2,,,,,,,,,
BTS,2003,3,TRI2,127160,Solea solea,158,,2,,,,,,,,,
BTS,2003,3,TRI2,127160,Solea solea,167,,4,,,,,,,,,
BTS,2003,3,TRI2,127160,Solea solea,168,,4,,,,,,,,,
BTS,2003,3,TRI2,127160,Solea solea,173,,2,,,,,,,,,
BTS,2003,3,TRI2,127160,Solea solea,176,,2,,,,,,,,,
BTS,2003,3,TRI2,127160,Solea solea,183,,2,,,,,,,,,
BTS,2003,3,TRI2,127160,Solea solea,187,,,2,,,,,,,,
BTS,2003,3,TRI2,127160,Solea solea,188,,,2,,,,,,,,
BTS,2003,3,TRI2,127160,Solea solea,190,,,2,,,,,,,,
BTS,2003,3,TRI2,127160,Solea solea,192,,2,,,,,,,,,
BTS,2003,3,TRI2,127160,Solea solea,194,,4,2,,,,,,,,
BTS,2003,3,TRI2,127160,Solea solea,197,,,2,,,,,,,,
BTS,2003,3,TRI2,127160,Solea solea,199,,2,2,,,,,,,,
BTS,2003,3,TRI2,127160,Solea solea,200,,,2,,,,,,,,
BTS,2003,3,TRI2,127160,Solea solea,203,,2,,,,,,,,,
BTS,2003,3,TRI2,127160,Solea solea,205,,,2,,,,,,,,
BTS,2003,3,TRI2,127160,Solea solea,207,,,2,,,,,,,,
BTS,2003,3,TRI2,127160,Solea solea,208,,2,2,,,,,,,,
BTS,2003,3,TRI2,127160,Solea solea,209,,,4,,,,,,,,
BTS,2003,3,TRI2,127160,Solea solea,210,,,2,,,,,,,,
BTS,2003,3,TRI2,127160,Solea solea,212,,,6,,,,,,,,
BTS,2003,3,TRI2,127160,Solea solea,213,,,2,,,,,,,,
BTS,2003,3,TRI2,127160,Solea solea,214,,,2,,,,,,,,
BTS,2003,3,TRI2,127160,Solea solea,215,,,8,,,,,,,,
BTS,2003,3,TRI2,127160,Solea solea,216,,,2,,,,,,,,
BTS,2003,3,TRI2,127160,Solea solea,218,,,,2,,,,,,,
BTS,2003,3,TRI2,127160,Solea solea,221,,,,2,2,,,,,,
BTS,2003,3,TRI2,127160,Solea solea,224,,,4,,,2,,,,,
BTS,2003,3,TRI2,127160,Solea solea,225,,,2,2,,,,,,,
BTS,2003,3,TRI2,127160,Solea solea,227,,,2,,,2,,,,,
BTS,2003,3,TRI2,127160,Solea solea,230,,,2,,,,,,,,
BTS,2003,3,TRI2,127160,Solea solea,231,,,4,,,,,,,,
BTS,2003,3,TRI2,127160,Solea solea,232,,,4,,,,,,,,
BTS,2003,3,TRI2,127160,Solea solea,233,,,2,,,,,,,,
BTS,2003,3,TRI2,127160,Solea solea,234,,,,,2,,,,,,
BTS,2003,3,TRI2,127160,Solea solea,235,,,6,,,,2,,,,
BTS,2003,3,TRI2,127160,Solea solea,238,,,4,2,,,,,,,
BTS,2003,3,TRI2,127160,Solea solea,239,,,4,2,,,,,,,
BTS,2003,3,TRI2,127160,Solea solea,241,,,2,,,,,,,,
BTS,2003,3,TRI2,127160,Solea solea,243,,,1,2,,,,2,,,
BTS,2003,3,TRI2,127160,Solea solea,244,,,,,2,,,,,,
BTS,2003,3,TRI2,127160,Solea solea,245,,,2,,,,,,,,
BTS,2003,3,TRI2,127160,Solea solea,246,,,2,,,2,,,,,
BTS,2003,3,TRI2,127160,Solea solea,247,,,2,,,,,,,,
BTS,2003,3,TRI2,127160,Solea solea,248,,,12,,,,,4,,,
BTS,2003,3,TRI2,127160,Solea solea,249,,,4,,,,,,,,
BTS,2003,3,TRI2,127160,Solea solea,250,,,,,,,,,,2,
BTS,2003,3,TRI2,127160,Solea solea,252,,,6,4,,,,,,,
BTS,2003,3,TRI2,127160,Solea solea,253,,,8,,,,,,,,
BTS,2003,3,TRI2,127160,Solea solea,254,,,2,2,2,,,,,,
BTS,2003,3,TRI2,127160,Solea solea,255,,,2,,,,,,,,
BTS,2003,3,TRI2,127160,Solea solea,256,,,,,2,,,,,,
BTS,2003,3,TRI2,127160,Solea solea,257,,,2,,,,,,,,
BTS,2003,3,TRI2,127160,Solea solea,258,,,2,,,,,,,,
BTS,2003,3,TRI2,127160,Solea solea,259,,,2,2,,,,,,,
BTS,2003,3,TRI2,127160,Solea solea,261,,,2,,,,,,,,
BTS,2003,3,TRI2,127160,Solea solea,262,,,2,,4,,,,,,
BTS,2003,3,TRI2,127160,Solea solea,264,,,2,2,,2,,2,,,
BTS,2003,3,TRI2,127160,Solea solea,265,,,2,2,,4,,,,,
BTS,2003,3,TRI2,127160,Solea solea,266,,,,,2,,,,,,
BTS,2003,3,TRI2,127160,Solea solea,267,,,,2,,,,,,,
BTS,2003,3,TRI2,127160,Solea solea,268,,,6,2,2,,,,,,
BTS,2003,3,TRI2,127160,Solea solea,269,,,,,2,,,,,,
BTS,2003,3,TRI2,127160,Solea solea,270,,,,,4,,,,,,
BTS,2003,3,TRI2,127160,Solea solea,271,,,,,2,,,,,,
BTS,2003,3,TRI2,127160,Solea solea,272,,,,,4,,,,,,
BTS,2003,3,TRI2,127160,Solea solea,274,,,,,4,,,,,,
BTS,2003,3,TRI2,127160,Solea solea,276,,,,2,4,,,,,,
BTS,2003,3,TRI2,127160,Solea solea,278,,,4,,,,,,,,
BTS,2003,3,TRI2,127160,Solea solea,279,,,,,,,,2,,,
BTS,2003,3,TRI2,127160,Solea solea,281,,,,2,2,,,,,,
BTS,2003,3,TRI2,127160,Solea solea,282,,,,,,2,,,,,
BTS,2003,3,TRI2,127160,Solea solea,283,,,,2,2,,,,,,
BTS,2003,3,TRI2,127160,Solea solea,284,,,,,2,,,,,,
BTS,2003,3,TRI2,127160,Solea solea,285,,,,2,,,,,,,
BTS,2003,3,TRI2,127160,Solea solea,286,,,2,,2,,,,,,
BTS,2003,3,TRI2,127160,Solea solea,288,,,,,,2,,,,,
BTS,2003,3,TRI2,127160,Solea solea,289,,,2,2,,,,,,,
BTS,2003,3,TRI2,127160,Solea solea,291,,,,2,,2,,,,,
BTS,2003,3,TRI2,127160,Solea solea,292,,,2,,2,,,,,,
BTS,2003,3,TRI2,127160,Solea solea,293,,,,2,,,,,,,
BTS,2003,3,TRI2,127160,Solea solea,295,,,,,2,,,,,,
BTS,2003,3,TRI2,127160,Solea solea,298,,,2,,,,,,,,
BTS,2003,3,TRI2,127160,Solea solea,299,,,,2,,,,,,,
BTS,2003,3,TRI2,127160,Solea solea,300,,,,2,,,,,,,
BTS,2003,3,TRI2,127160,Solea solea,302,,,,,,2,2,,,,
BTS,2003,3,TRI2,127160,Solea solea,303,,,2,,,,,,,,
BTS,2003,3,TRI2,127160,Solea solea,304,,,,2,,,,,,,
BTS,2003,3,TRI2,127160,Solea solea,305,,,2,,4,,,,,,
BTS,2003,3,TRI2,127160,Solea solea,306,,,,2,,,,,,,
BTS,2003,3,TRI2,127160,Solea solea,308,,,,,2,,,,,,
BTS,2003,3,TRI2,127160,Solea solea,313,,,,2,2,2,,,,,
BTS,2003,3,TRI2,127160,Solea solea,314,,,,2,,,,,,,
BTS,2003,3,TRI2,127160,Solea solea,315,,,,,,6,,,,,
BTS,2003,3,TRI2,127160,Solea solea,318,,,,,,2,,,,,
BTS,2003,3,TRI2,127160,Solea solea,319,,,,,,,,,2,,
BTS,2003,3,TRI2,127160,Solea solea,321,,,,4,,,,,,,
BTS,2003,3,TRI2,127160,Solea solea,325,,,,,,,,,,2,
BTS,2003,3,TRI2,127160,Solea solea,328,,,,,,2,,,,,
BTS,2003,3,TRI2,127160,Solea solea,334,,,,,2,,,,,,
BTS,2003,3,TRI2,127160,Solea solea,338,,,,,,,,2,,,
BTS,2003,3,TRI2,127160,Solea solea,339,,,,,,,2,,,,
BTS,2003,3,TRI2,127160,Solea solea,340,,,,,2,,,2,,,
BTS,2003,3,TRI2,127160,Solea solea,347,,,,,2,,,,,,
BTS,2003,3,TRI2,127160,Solea solea,352,,,,,,,2,,,,
BTS,2003,3,TRI2,127160,Solea solea,353,,,,,,,,2,,,
BTS,2003,3,TRI2,127160,Solea solea,358,,,,,,2,,,,,
BTS,2003,3,TRI2,127160,Solea solea,367,,,,,,,,2,,,
BTS,2003,3,TRI2,127160,Solea solea,370,,,,,2,,,,,,
BTS,2003,3,TRI2,127160,Solea solea,372,,,,,,,,,,2,
BTS,2003,3,TRI2,127160,Solea solea,373,,,,,,,,2,,,
BTS,2003,3,TRI2,127160,Solea solea,380,,,,,,,,2,,,
BTS,2003,3,TRI2,127160,Solea solea,398,,,,,,,2,,,,
BTS,2003,3,TRI2,127160,Solea solea,418,,,,,,,2,,,,
